{
  "meta_title": "",
  "meta_description": "",
  "sections": [
    {
      "type": "banner-slider",
      "autoplay": 9000,
      "slides": [
        {
          "img": "/img/uploads/Pecas-do-Brastemp-1.png",
          "link": "/",
          "alt": "Peças Brastemp",
          "start": "",
          "end": ""
        },
        {
          "img": "/img/uploads/bacia-consul-1.png",
          "alt": "Bacia Consul",
          "start": "",
          "end": ""
        },
        {
          "img": "/img/uploads/grelhas-1.png",
          "alt": "Grelhas",
          "start": "",
          "end": ""
        }
      ]
    },
    {
      "type": "page-title",
      "title": "Peças para Fogão",
      "description": ""
    },
    {
      "type": "info-bar",
      "enabled": false
    },
    {
      "type": "collection-shelf",
      "shuffle": false,
      "limit": 12,
      "page": 1,
      "collection_id": "6006107169274c73fcf77f4f:categories:Utilidades Domésticas :/utilidades-domesticas/"
    },
    {
      "type": "collection-shelf",
      "shuffle": false,
      "limit": 12,
      "page": 1,
      "collection_id": "6006106269274c73fcf77f23:categories:Atlas:/atlas/"
    },
    {
      "type": "collection-shelf",
      "shuffle": true,
      "collection_id": "6006106069274c73fcf77f17:categories:Brastemp:/brastemp/",
      "limit": 12,
      "page": 1,
      "sort": "views"
    },
    {
      "type": "collection-shelf",
      "shuffle": false,
      "limit": 12,
      "page": 1,
      "collection_id": "6006106369274c73fcf77f27:categories:Dako:/dako/"
    },
    {
      "type": "collection-shelf",
      "shuffle": false,
      "limit": 12,
      "page": 1,
      "collection_id": "6006106569274c73fcf77f2c:categories:Electrolux:/electrolux/"
    },
    {
      "type": "collection-shelf",
      "shuffle": false,
      "limit": 12,
      "page": 1,
      "collection_id": "6006106669274c73fcf77f2e:categories:Fischer:/fischer/"
    }
  ]
}
